en,es,fr,pt,de,ja,gap_score,cluster_id,is_representative,translatability
x,x,x,x,x,x,-2.384185791015625e-07,-1,True,universal
twitter,twitter,twitter,twitter,twitter,twitter,-2.384185791015625e-07,-1,True,universal
7,7,7,7,7,7,-2.384185791015625e-07,-1,True,universal
n,n,n,n,n,n,-2.384185791015625e-07,-1,True,universal
1,1,1,1,1,1,-2.384185791015625e-07,-1,True,universal
m,m,m,m,m,m,-2.384185791015625e-07,-1,True,universal
6,6,6,6,6,6,-1.1920928955078125e-07,-1,True,universal
0,0,0,0,0,0,-1.1920928955078125e-07,-1,True,universal
9,9,9,9,9,9,-1.1920928955078125e-07,-1,True,universal
c,c,c,c,c,c,-1.1920928955078125e-07,-1,True,universal
l,l,l,l,l,l,-1.1920928955078125e-07,-1,True,universal
e,e,e,e,e,e,-1.1920928955078125e-07,-1,True,universal
a,a,a,a,a,a,-1.1920928955078125e-07,-1,True,universal
and,and,and,and,and,and,-7.947286206899662e-08,-1,True,universal
5,5,5,5,5,5,0.0,-1,True,universal
http,http,http,http,http,http,0.0,-1,True,universal
b,b,b,b,b,b,0.0,-1,True,universal
g,g,g,g,g,g,0.0,-1,True,universal
tv,tv,tv,tv,tv,tv,0.0,-1,True,universal
t,t,t,t,t,t,0.0,-1,True,universal
8,8,8,8,8,8,0.0,-1,True,universal
4,4,4,4,4,4,0.0,-1,True,universal
j,j,j,j,j,j,0.0,-1,True,universal
r,r,r,r,r,r,0.0,-1,True,universal
s,s,s,s,s,s,0.0,-1,True,universal
v,v,v,v,v,v,5.960464477539063e-08,-1,True,universal
f,f,f,f,f,f,5.960464477539063e-08,-1,True,universal
h,h,h,h,h,h,1.1920928955078125e-07,-1,True,universal
p,p,p,p,p,p,1.1920928955078125e-07,-1,True,universal
d,d,d,d,d,d,1.1920928955078125e-07,-1,True,universal
ok,ok,ok,ok,ok,ok,1.5894572413799324e-07,-1,True,universal
2,2,2,2,2,2,1.7881393432617188e-07,-1,True,universal
3,3,3,3,3,3,2.384185791015625e-07,-1,True,universal
new,new,new,new,new,新しい,0.007534933276474476,-1,True,universal
internet,internet,internet,internet,internet,インターネット,0.00828568171709776,-1,True,universal
you,usted,you,you,you,you,0.010079662315547466,62,True,universal
okay,ok,ok,ok,okay,ok,0.011757874861359596,-1,True,universal
system,sistema,système,sistema,system,システム,0.013787738047540188,-1,True,universal
video,video,vidéo,video,video,ビデオ,0.013830971904098988,-1,True,universal
particularly,especialmente,particulièrement,especialmente,insbesondere,特に,0.016595784574747086,-1,True,universal
hotel,hotel,hôtel,hotel,hotel,ホテル,0.017158133909106255,-1,True,universal
especially,especialmente,particulièrement,especialmente,insbesondere,特に,0.01865667849779129,-1,True,universal
style,estilo,style,estilo,stil,スタイル,0.01936112716794014,-1,True,universal
music,música,musique,música,musik,音楽,0.02012205868959427,-1,True,universal
service,servicio,service,serviço,dienst,サービス,0.02197304554283619,-1,True,universal
now,ahora,maintenant,agora,jetzt,いま,0.022539036348462105,-1,True,universal
model,modelo,modèle,modelo,modell,モデル,0.02283463068306446,-1,True,universal
happy,feliz,heureux,feliz,glücklich,幸せ,0.023350315168499947,-1,True,universal
always,siempre,toujours,sempre,immer,常に,0.023407423868775368,-1,True,universal
program,programa,programme,programa,programm,プログラム,0.023457085713744164,-1,True,universal
group,grupo,groupe,grupo,gruppe,グループ,0.023473922163248062,-1,True,universal
international,internacional,international,internacional,international,国際,0.023841174319386482,-1,True,universal
yes,da,oui,da,da,はい,0.023841755464673042,-1,True,universal
experience,experiencia,expérience,experiência,erfahrung,経験,0.023949114605784416,-1,True,universal
here,aqui,hier,aqui,hier,ここ,0.024152450263500214,-1,True,universal
production,producción,production,produção,produktion,生産,0.024208005517721176,-1,True,universal
club,club,club,clube,club,クラブ,0.024228569120168686,-1,True,universal
young,joven,jeune,jovem,junge,若い,0.024615244939923286,-1,True,universal
line,línea,ligne,linha,linie,line,0.025090448558330536,-1,True,universal
w,v,v,v,w,w,0.02514270506799221,-1,True,universal
love,amor,amour,love,liebe,愛,0.025144433602690697,-1,True,universal
etc,etc,etc,etc,etc,など,0.02552933245897293,-1,True,universal
write,escribir,écrire,escrever,schreiben,書く,0.0257597453892231,-1,True,universal
list,lista,liste,lista,liste,リスト,0.02622608281672001,-1,True,universal
oh,oh,oh,oh,oh,ああ,0.027172565460205078,-1,True,universal
family,familia,famille,família,familie,家族,0.027448710054159164,-1,True,universal
an,a,an,a,an,a,0.027455389499664307,-1,True,universal
nature,naturaleza,nature,natureza,natur,自然,0.02750125341117382,-1,True,universal
series,serie,série,série,serie,シリーズ,0.027873897925019264,-1,True,universal
yeah,da,oui,da,da,はい,0.028244677931070328,-1,True,universal
radio,radio,radio,rádio,radio,ラジオ,0.028483612462878227,-1,True,universal
moment,momento,moment,momento,moment,瞬間,0.030125446617603302,-1,True,universal
special,especial,spécial,especial,besondere,特別,0.030456824228167534,-1,True,universal
truly,realmente,vraiment,realmente,wirklich,本当に,0.030652305111289024,65,True,universal
culture,cultura,culture,cultura,kultur,文化,0.0307113416492939,-1,True,universal
television,televisión,télévision,televisão,tv,テレビ,0.0317700169980526,-1,True,universal
sleep,dormir,dormir,dormir,schlafen,寝,0.03185988590121269,-1,True,universal
health,salud,santé,saúde,gesundheit,健康,0.031908322125673294,-1,True,universal
war,guerra,guerre,guerra,war,戦争,0.03226661682128906,-1,True,universal
when,cuando,quand,quando,wann,いつ,0.03252094238996506,-1,True,universal
important,importante,important,importante,wichtig,重要,0.032565053552389145,-1,True,universal
find,encontrar,trouver,encontrar,find,見つけ,0.03310057148337364,-1,True,universal
work,trabajo,travail,trabalho,werk,働い,0.03421645238995552,40,True,universal
information,información,information,informação,information,情報,0.03431199863553047,-1,True,universal
one,uno,viens,one,one,一つ,0.03446369990706444,-1,True,universal
answer,respuesta,réponse,resposta,antworten,答え,0.03474271297454834,-1,True,universal
other,otras,autres,outras,andere,その他,0.034761928021907806,-1,True,universal
products,productos,produits,produtos,produkte,製品,0.03506304323673248,-1,True,universal
thanks,gracias,merci,obrigado,danke,ありがとう,0.03540697321295738,-1,True,universal
needed,necesario,nécessaire,necessário,nötig,必要,0.035686198621988297,73,True,universal
videos,videos,vidéos,vídeos,videos,ビデオ,0.03570009022951126,-1,True,universal
different,diferente,différent,diferente,verschiedene,異なる,0.03607993200421333,60,True,universal
dollars,dólares,dollars,dólares,dollar,ドル,0.0365615114569664,-1,True,universal
old,viejo,vieux,velha,alten,古い,0.036693379282951355,-1,True,universal
hear,escuchar,écouter,ouvir,hören,聞く,0.037399426102638245,-1,True,universal
girl,niña,fille,menina,mädchen,女の子,0.0376710519194603,-1,True,universal
understand,entender,comprendre,entender,verstehen,理解,0.03797168284654617,-1,True,universal
market,mercado,marché,mercado,markt,市場,0.03800622373819351,-1,True,universal
students,estudiantes,élèves,estudantes,studenten,学生,0.03818691894412041,-1,True,universal
phone,teléfono,téléphone,telefone,telefon,電話,0.038373641669750214,-1,True,universal
security,seguridad,sécurité,segurança,sicherheit,安全,0.038389239460229874,-1,True,universal
safety,seguridad,sécurité,segurança,sicherheit,安全,0.03843019902706146,-1,True,universal
large,grande,large,grande,grossen,大きい,0.03849410638213158,77,True,universal
sex,sexo,sexe,sexo,sex,セックス,0.0387762114405632,-1,True,universal
free,libre,libre,livre,freie,フリー,0.03921490162611008,-1,True,universal
best,mejores,meilleur,melhores,beste,ベスト,0.03940606117248535,-1,True,universal
beautiful,hermoso,magnifique,bonito,schöne,美しい,0.03968941420316696,-1,True,universal
response,respuesta,réponse,resposta,antworten,答え,0.03988289088010788,-1,True,universal
organization,organización,organisation,organização,organisation,組織,0.040579602122306824,-1,True,universal
politics,política,politique,política,politik,政治,0.04062485694885254,-1,True,universal
development,desarrollo,développement,desenvolvimento,entwicklung,開発,0.040970563888549805,-1,True,universal
beginning,comienzo,début,início,start,始まり,0.04114677384495735,63,True,universal
picture,imagen,image,imagem,bild,画像,0.041516900062561035,17,True,universal
systems,sistemas,systèmes,sistemas,system,システム,0.0417008213698864,-1,True,universal
message,mensaje,message,mensagem,bericht,メッセージ,0.04179698973894119,-1,True,universal
thank,gracias,merci,obrigado,danke,ありがとう,0.04190681129693985,-1,True,universal
inside,dentro,dedans,dentro,innerhalb,内,0.04202575609087944,-1,True,universal
directly,directamente,directement,diretamente,direkt,直接,0.04214789718389511,-1,True,universal
here's,aqui,hier,aqui,hier,ここ,0.04228825494647026,-1,True,universal
type,tipo,type,tipo,typ,タイプ,0.04244296997785568,-1,True,universal
contact,contacto,contact,contato,kontakt,連絡,0.04302627220749855,-1,True,universal
question,pregunta,question,pergunta,frage,質問,0.043248552829027176,-1,True,universal
title,título,titre,título,titel,タイトル,0.043256726115942,-1,True,universal
chance,oportunidad,chance,chance,chance,チャンス,0.043393366038799286,-1,True,universal
treatment,tratamiento,traitement,tratamento,behandlung,治療,0.04371260479092598,-1,True,universal
school,escuela,école,escola,schule,学校,0.04372145235538483,-1,True,universal
original,original,origine,original,original,オリジナル,0.04384120926260948,-1,True,universal
travel,viaje,voyage,viagem,reise,旅行,0.04396514594554901,-1,True,universal
tomorrow,mañana,demain,amanhã,morgen,明日,0.044058796018362045,-1,True,universal
good,buena,bon,bons,gute,良い,0.04406660795211792,-1,True,universal
decision,decisión,décision,decisão,entscheidung,決定,0.04416491836309433,-1,True,universal
immediately,inmediatamente,immédiatement,imediatamente,sofort,すぐ,0.0445367693901062,-1,True,universal
green,verde,vert,verde,grüne,緑,0.044924844056367874,-1,True,universal
science,ciencia,science,ciência,wissenschaft,科学,0.04521514102816582,-1,True,universal
example,ejemplo,exemple,exemplo,beispiel,例,0.04529973492026329,-1,True,universal
movie,película,film,filme,filme,映画,0.04602935165166855,-1,True,universal
exactly,exactamente,exactement,exatamente,genau,まさに,0.046058639883995056,-1,True,universal
also,tambien,aussi,também,also,も,0.0461195707321167,-1,True,universal
film,película,film,filme,film,映画,0.04626786708831787,-1,True,universal
outside,fuera,dehors,fora,ausserhalb,外,0.046357374638319016,-1,True,universal
last,último,dernier,último,letzten,最後,0.046863652765750885,-1,True,universal
finally,finalmente,finalement,finalmente,endlich,やっと,0.04704570025205612,-1,True,universal
well,bien,bien,bem,gute,良く,0.0479687862098217,-1,True,universal
pretty,hermoso,beaux,bonito,schön,美しい,0.04851563274860382,-1,True,universal
five,cinco,cinq,cinco,fünf,五,0.04869041219353676,-1,True,universal
listen,escuchar,écoute,ouvir,hören,聞き,0.04918951913714409,-1,True,universal
management,gestión,gestion,gestão,verwaltung,管理,0.04934433475136757,-1,True,universal
trip,viaje,voyage,viagem,reise,旅行,0.049402687698602676,-1,True,universal
point,punto,point,ponto,punkt,ポイント,0.04992321878671646,-1,True,universal
seconds,segundos,secondes,segundos,sekunden,秒,0.05005958303809166,-1,True,universal
difference,diferencia,différence,diferença,unterschied,違い,0.05017257109284401,-1,True,universal
industry,industria,industrie,indústria,industrie,業界,0.05036116763949394,-1,True,universal
media,media,médias,média,medien,メディア,0.05040387436747551,-1,True,universal
services,servicios,services,serviços,dienst,サービス,0.05041932314634323,-1,True,universal
john,john,john,john,john,ジョン,0.05053160712122917,6,True,universal
natural,natural,naturel,natural,natur,自然,0.050891678780317307,-1,True,universal
glad,feliz,heureux,feliz,froh,幸せ,0.051572225987911224,-1,True,universal
models,modelo,modèle,modelo,modell,モデル,0.05162949115037918,-1,True,universal
certainly,seguramente,certainement,certamente,sicherlich,もちろん,0.051631055772304535,-1,True,universal
english,inglés,anglais,inglês,englisch,英語,0.05173347145318985,8,True,universal
version,versión,version,versão,version,版,0.05176346376538277,-1,True,universal
interest,interés,intérêt,interesse,interesse,興味,0.051870428025722504,-1,True,universal
want,querer,vouloir,querer,wollen,たい,0.05279868096113205,39,True,universal
found,encontrado,trouvé,encontrado,gefunden,発見,0.052800312638282776,-1,True,universal
questions,preguntas,questions,perguntas,fragen,質問,0.053121861070394516,-1,True,universal
color,color,couleur,cor,farbe,カラー,0.05320686101913452,-1,True,universal
help,ayuda,aide,ajuda,helfen,助け,0.05326960235834122,2,True,universal
too,tambien,aussi,também,also,も,0.0532894991338253,-1,True,universal
thought,pensamiento,pensée,pensamento,denke,考え,0.053352631628513336,31,True,universal
selling,sale,vente,venda,verkaufen,販売,0.053441260010004044,13,True,universal
long,larga,long,longo,lange,長い,0.0534529909491539,-1,True,universal
currently,actualmente,actuellement,atualmente,derzeit,いま,0.05351714789867401,-1,True,universal
super,super,super,super,super,超,0.05353057384490967,-1,True,universal
y,y,y,y,u,y,0.05371159315109253,-1,True,universal
three,tres,trois,três,drei,三,0.053961943835020065,-1,True,universal
others,otros,autres,outros,anderen,他人,0.05402321368455887,-1,True,universal
strong,fuertes,forte,fortes,starke,強い,0.05499452352523804,35,True,universal
lines,líneas,lignes,linhas,linie,line,0.055425796657800674,-1,True,universal
today,hoy,aujourd'hui,hoje,heute,今日,0.0554838627576828,-1,True,universal
army,ejército,armée,exército,armee,軍,0.05572210252285004,-1,True,universal
comments,comentarios,commentaires,comentários,kommentar,コメント,0.05583838000893593,-1,True,universal
each,cada,chaque,cada,jedes,それぞれ,0.05658375471830368,-1,True,universal
yet,todavía,encore,ainda,noch,まだ,0.05661233887076378,-1,True,universal
we,nosotros,us,nós,wir,我々,0.05667128786444664,28,True,universal
star,estrella,star,estrela,star,星,0.05700217932462692,-1,True,universal
though,aunque,pourtant,apesar,obwohl,ただし,0.05721104517579079,49,True,universal
park,parque,parc,parque,park,公園,0.057480309158563614,-1,True,universal
quick,rápido,rapide,rápido,schnell,早い,0.05761505290865898,-1,True,universal
search,busca,recherche,busca,suchen,検索,0.05782168358564377,-1,True,universal
much,mucho,beaucoup,muito,viel,たくさん,0.05812779441475868,57,True,universal
something,algo,quelque,algo,etwas,なんか,0.058572687208652496,-1,True,universal
direct,directa,direct,direto,direkt,直接,0.058725226670503616,-1,True,universal
professor,profesor,professeur,professor,professor,教授,0.05895892530679703,-1,True,universal
feeling,sensación,sentiment,sentimento,gefühl,感じ,0.05922476947307587,32,True,universal
living,vive,vivant,live,live,生き,0.05929073318839073,10,True,universal
remember,recuerda,rappeler,lembrar,erinnern,覚え,0.059621166437864304,-1,True,universal
against,contra,contre,contra,gegen,対,0.059707846492528915,-1,True,universal
car,coche,car,carro,wagen,車,0.059862617403268814,-1,True,universal
member,miembro,membre,membro,mitglied,メンバー,0.05994758382439613,-1,True,universal
movies,películas,films,filmes,filme,映画,0.06001630052924156,-1,True,universal
page,página,page,página,seite,ページ,0.06016618013381958,-1,True,universal
groups,grupos,groupes,grupos,gruppe,グループ,0.06016876921057701,-1,True,universal
eventually,finalmente,finalement,finalmente,endlich,やっと,0.06080012023448944,-1,True,universal
else,otra,autre,outra,anderes,その他,0.06083220615983009,-1,True,universal
battle,batalla,bataille,batalha,war,戦い,0.06090383604168892,-1,True,universal
coffee,café,café,café,kaffee,コーヒー,0.06125925853848457,-1,True,universal
part,parte,part,parte,teil,部分,0.061775900423526764,51,True,universal
policy,política,politique,política,politik,政策,0.06179482489824295,-1,True,universal
text,texto,texte,texto,text,文字,0.06191660091280937,-1,True,universal
function,función,fonction,função,funktion,機能,0.06229175627231598,-1,True,universal
better,mejor,mieux,melhor,besser,ベスト,0.06271985918283463,-1,True,universal
political,político,politique,político,politische,政治,0.0629783496260643,-1,True,universal
responsibility,responsabilidad,responsabilité,responsabilidade,verantwortung,責任,0.06313127279281616,-1,True,universal
bank,banco,banque,banco,bank,銀行,0.06318677216768265,-1,True,universal
still,aún,encore,ainda,noch,まだ,0.06319134682416916,-1,True,universal
sorry,perdón,désolé,desculpa,sorry,申し訳,0.06328891962766647,-1,True,universal
cultural,cultural,culture,cultural,kultur,文化,0.06338627636432648,-1,True,universal
another,otro,autre,outro,anderer,その他,0.06359276920557022,-1,True,universal
team,equipo,équipe,equipa,team,チーム,0.06378860771656036,-1,True,universal
definitely,seguramente,certainement,certamente,sicherlich,確実,0.06405986100435257,-1,True,universal
product,producto,produit,produto,produkte,製品,0.06414031982421875,-1,True,universal
attempt,intentar,essayer,tentar,versuchen,試し,0.0642378106713295,20,True,universal
includes,incluye,comprend,inclui,enthält,含む,0.06423985213041306,-1,True,universal
same,mismas,pareil,mesma,gleiche,同じ,0.06426389515399933,-1,True,universal
girls,chicas,filles,meninas,mädchen,女の子,0.06428222358226776,-1,True,universal
sexual,sexual,sexe,sexual,sex,セックス,0.06471767276525497,-1,True,universal
between,entre,entre,entre,zwischen,間,0.06484678387641907,-1,True,universal
fighting,lucha,combat,combate,kämpfen,戦い,0.06504315137863159,-1,True,universal
written,escrito,écrit,escrito,geschrieben,書き,0.06505871564149857,-1,True,universal
data,datos,données,data,daten,データ,0.06521740555763245,-1,True,universal
fight,luchar,combat,lutar,kämpfen,戦い,0.06528352946043015,-1,True,universal
significant,importante,importante,importante,wesentlich,重要,0.06561730057001114,-1,True,universal
freedom,libertad,liberté,liberdade,freiheit,自由,0.06561954319477081,-1,True,universal
understanding,entender,comprendre,entender,verstehen,理解,0.065777987241745,-1,True,universal
stories,historias,histoires,histórias,geschichten,物語,0.06582548469305038,-1,True,universal
fast,rápido,rapide,rápido,fast,早い,0.06596644222736359,-1,True,universal
nice,bonito,nice,bonito,schön,素敵,0.06623747944831848,-1,True,universal
quite,bastante,assez,bastante,ziemlich,かなり,0.06626325100660324,-1,True,universal
writing,escribir,écrire,escrita,schreiben,書き,0.06639781594276428,-1,True,universal
results,resultados,résultats,resultados,ergebnisse,結果,0.06642353534698486,-1,True,universal
ii,ii,ii,ii,ii,二,0.06673073768615723,-1,True,universal
lovely,lindo,magnifique,lindo,schönen,素敵,0.06684865802526474,-1,True,universal
house,casa,maison,casa,zuhause,家,0.06690005958080292,-1,True,universal
ex,ex,ex,ex,ex,昔,0.06700953096151352,-1,True,universal
society,sociedad,société,sociedade,gesellschaft,社会,0.0671946182847023,25,True,universal
quickly,rápidamente,rapidement,rapidamente,schnell,早く,0.06724993139505386,-1,True,universal
programs,programas,programme,programas,programm,プログラム,0.06731007993221283,-1,True,universal
years,años,années,anos,jahren,年,0.06745902448892593,-1,True,universal
members,miembros,membres,membros,mitglieder,メンバー,0.06775989383459091,-1,True,universal
woman,mujer,femme,mulher,frau,女子,0.06801971793174744,56,True,universal
why,porque,pourquoi,porque,warum,なぜ,0.06818407028913498,-1,True,universal
history,historia,historique,história,geschichte,歴史,0.06852946430444717,-1,True,universal
which,cuál,laquelle,que,welches,どの,0.06853663176298141,84,True,universal
light,luz,lumière,luz,licht,光,0.0685667097568512,-1,True,universal
majority,mayoría,majorité,maioria,meisten,多数,0.06882316619157791,-1,True,universal
china,china,chine,china,china,中国,0.06896433979272842,-1,True,universal
band,banda,bande,banda,band,バンド,0.06918207556009293,-1,True,universal
year,año,année,anos,jährige,年,0.0693504810333252,-1,True,universal
fifth,cinco,cinq,cinco,fünf,五,0.06942294538021088,-1,True,universal
generation,generación,génération,geração,generation,世代,0.06950555741786957,-1,True,universal
where,donde,où,onde,kam,どこ,0.0697794109582901,-1,True,universal
heart,corazón,cœur,coração,hart,心,0.06991413235664368,-1,True,universal
rights,derechos,droits,direitos,rechten,権利,0.07024284452199936,-1,True,universal
healthy,salud,santé,saúde,gesundheit,健康,0.07025289535522461,-1,True,universal
leave,dejar,quitte,deixar,verlassen,離れ,0.07034456729888916,-1,True,universal
friends,amigos,amis,amigos,freunden,友人,0.0707087516784668,-1,True,universal
high,alta,élevé,alta,hohe,高い,0.07139943540096283,-1,True,universal
land,tierra,terre,terra,land,土地,0.07153024524450302,-1,True,universal
produce,produce,produire,produção,produktion,生産,0.07166720926761627,-1,True,universal
world,mundo,monde,world,weltweit,世界,0.07232645153999329,-1,True,universal
size,tamaño,taille,tamanho,grösser,サイズ,0.072475865483284,-1,True,universal
among,entre,entre,entre,zwischen,間,0.0725845992565155,-1,True,universal
risk,riesgo,risque,risco,risiko,危険,0.07300267368555069,-1,True,universal
water,agua,eau,água,wetter,水,0.07313482463359833,-1,True,universal
third,tercer,troisième,terceiro,dritte,三,0.07337842136621475,-1,True,universal
influence,influencia,influence,influência,einfluss,影響,0.07372473180294037,-1,True,universal
al,al,al,al,al,to,0.07379384338855743,-1,True,universal
projects,proyectos,projets,projetos,projekt,プロジェクト,0.07387439906597137,-1,True,universal
enough,suficiente,suffit,suficiente,genug,足り,0.07409866899251938,-1,True,universal
sister,hermana,sœur,irmã,tochter,姉,0.07450887560844421,-1,True,universal
fine,bien,bien,bem,gute,いい,0.07477451860904694,-1,True,universal
types,tipos,types,tipos,tür,タイプ,0.07501306384801865,-1,True,universal
hearing,escuchar,écoute,ouvir,hören,聞き,0.07502741366624832,-1,True,universal
post,post,post,post,post,投稿,0.07582791894674301,-1,True,universal
study,estudiar,étude,estudo,studium,勉強,0.07639806717634201,24,True,universal
protection,protección,protection,proteção,schützen,保護,0.0764273852109909,-1,True,universal
administration,administración,administration,administração,verwaltung,管理,0.07651592791080475,-1,True,universal
action,acción,action,ação,aktion,行為,0.07671688497066498,41,True,universal
eat,comer,manger,comer,essen,食べ,0.07689008861780167,-1,True,universal
k,k,qu,k,k,k,0.07694947719573975,-1,True,universal
particular,particular,spécial,particular,besondere,特定,0.0770120844244957,-1,True,universal
stars,estrellas,star,estrelas,stelle,星,0.07730843126773834,-1,True,universal
reaction,respuesta,réaction,reação,reaktion,反応,0.07785084843635559,-1,True,universal
government,gobierno,gouvernement,governo,regierung,政府,0.07824596017599106,-1,True,universal
since,desde,depuis,desde,seit,以来,0.07845930755138397,-1,True,universal
police,policía,police,polícia,polizei,警察,0.07857607305049896,-1,True,universal
article,artículo,article,artigo,artikel,記事,0.0788203552365303,-1,True,universal
responsible,responsable,responsable,responsável,verantwortlich,責任,0.079306960105896,-1,True,universal
course,curso,course,curso,kurs,コース,0.07949157059192657,-1,True,universal
environment,ambiente,environnement,ambiente,umgebung,環境,0.07954543083906174,-1,True,universal
u.s,u,u,u,u,u,0.07976841926574707,-1,True,universal
simply,simplemente,simplement,simplesmente,einfach,ただ,0.07979011535644531,67,True,universal
called,llamado,appelé,chamado,genannt,呼ば,0.07989788055419922,14,True,universal
some,algunas,certains,algumas,einige,なんか,0.08035645633935928,-1,True,universal
subject,tema,sujet,assunto,thema,テーマ,0.08080847561359406,-1,True,universal
during,durante,durant,durante,während,頃,0.08090390264987946,-1,True,universal
youth,juventud,jeunesse,jovens,junge,若い,0.08093633502721786,-1,True,universal
city,ciudad,villes,cidade,grad,城,0.0815485343337059,-1,True,universal
points,puntos,points,pontos,punkte,ポイント,0.08155107498168945,-1,True,universal
event,evento,événement,evento,gelegenheit,イベント,0.08177307993173599,-1,True,universal
vs,contra,contre,contra,gegen,vs,0.08199804276227951,-1,True,universal
home,casa,maison,casa,zuhause,家,0.08210813254117966,-1,True,universal
schools,escuelas,écoles,escolas,schule,学校,0.08269151300191879,-1,True,universal
ground,tierra,terre,terra,land,土地,0.08269993960857391,-1,True,universal
economy,economía,économie,economia,wirtschaft,経済,0.08278806507587433,-1,True,universal
protect,protección,protéger,proteger,schützen,守る,0.08279719948768616,-1,True,universal
wrote,escribió,écrit,escreveu,schrieb,書く,0.08302531391382217,-1,True,universal
military,militar,militaire,militar,armee,軍,0.08354947715997696,-1,True,universal
decisions,decisiones,décision,decisão,entscheidung,決定,0.08356022834777832,-1,True,universal
town,ciudad,cité,cidade,grad,城,0.08362903445959091,-1,True,universal
attack,ataque,attaque,ataque,angriff,攻撃,0.08393760770559311,-1,True,universal
memory,memoria,mémoire,memória,erinnerung,記憶,0.08454275131225586,-1,True,universal
by,por,par,by,by,by,0.0851859599351883,-1,True,universal
public,pública,public,pública,öffentliche,公開,0.08533361554145813,-1,True,universal
decided,decidió,décidé,decidiu,entschieden,決定,0.08545699715614319,-1,True,universal
russian,rusia,russe,russo,russischen,ロシア,0.08549131453037262,-1,True,universal
area,área,région,área,gebiet,地域,0.08551006764173508,42,True,universal
available,disponible,disponible,disponível,vorhanden,使える,0.08611742407083511,-1,True,universal
card,tarjeta,carte,cartão,karte,カード,0.08627023547887802,-1,True,universal
dr,dr,dr,dr,dr,博士,0.08726813644170761,-1,True,universal
cars,coche,voitures,carros,autos,車,0.08750709146261215,-1,True,universal
cities,ciudades,villes,cidades,stadt,都市,0.08771327137947083,-1,True,universal
doing,haciendo,faisant,fazendo,machen,やり,0.08810105174779892,74,True,universal
language,lenguaje,langue,língua,sprache,語,0.08832956850528717,-1,True,universal
news,noticias,nouvelles,notícias,nachrichten,ニュース,0.08855463564395905,-1,True,universal
place,lugar,place,lugar,position,場所,0.08874987065792084,70,True,universal
attention,atención,attention,atenção,aufmerksamkeit,注目,0.08885364979505539,-1,True,universal
most,mayoría,plupart,maioria,meisten,最も,0.08902499824762344,-1,True,universal
never,nunca,jamais,jamais,niemals,まさか,0.0891648530960083,-1,True,universal
nothing,nada,rien,nada,nichts,無し,0.08923505246639252,-1,True,universal
effect,efecto,effet,efeito,wirkt,効果,0.08948032557964325,-1,True,universal
eating,comer,manger,comer,essen,食べ,0.08964061737060547,-1,True,universal
peace,paz,paix,paz,mir,平和,0.08972730487585068,-1,True,universal
player,jugador,joueur,jogador,spieler,選手,0.08974425494670868,-1,True,universal
clearly,claramente,clairement,claro,deutlich,明らか,0.08977320790290833,-1,True,universal
latest,últimas,dernières,últimas,letzte,最新,0.09018836170434952,-1,True,universal
out,fuera,dehors,fora,heraus,出,0.09019044041633606,-1,True,universal
face,frente,face,face,gesicht,顔,0.09047479182481766,-1,True,universal
mark,marca,marque,marca,mark,マーク,0.09064558148384094,-1,True,universal
seat,sede,siège,sede,sitzen,席,0.0906805545091629,-1,True,universal
fire,fuego,feu,fogo,feuer,火,0.09123393893241882,-1,True,universal
getting,obtener,obtenir,obter,erhält,受ける,0.09165900200605392,54,True,universal
technology,tecnología,technique,tecnologia,technik,技術,0.09197936207056046,-1,True,universal
doesn't,no,dont,nem,nicht,ない,0.09215486794710159,90,True,universal
solution,solución,solution,solução,lösung,解決,0.09249924123287201,-1,True,universal
spot,punto,point,ponto,punkten,ポイント,0.09256897121667862,-1,True,universal
has,has,possède,têm,haben,いる,0.0930323526263237,81,True,universal
finding,encuentra,trouver,encontrar,find,発見,0.09306120872497559,-1,True,universal
perfect,perfecto,parfait,perfeito,perfekt,完全,0.09307697415351868,-1,True,universal
prior,anterior,avant,anterior,vorher,前,0.09309586137533188,61,True,universal
result,resultado,résultat,resultado,ergebnisse,結果,0.09318702667951584,-1,True,universal
decide,decisión,décision,decisão,entscheiden,決め,0.09425770491361618,-1,True,universal
daily,diario,quotidien,diário,täglich,毎日,0.094271220266819,-1,True,universal
teacher,profesor,professeur,professora,professor,師,0.09444735944271088,-1,True,universal
included,incluye,compris,inclui,enthalten,含め,0.09450694918632507,-1,True,universal
include,incluyendo,comprend,inclui,enthalten,含む,0.09464983642101288,-1,True,universal
knowing,conoce,savoir,conhece,kennt,知り,0.09490630030632019,33,True,universal
forget,recordar,oublie,esquecer,vergessen,忘れ,0.09491108357906342,-1,True,universal
earth,tierra,terre,terra,land,地球,0.09526161849498749,-1,True,universal
forever,siempre,toujours,sempre,immer,ずっと,0.09562508761882782,-1,True,universal
fear,miedo,peur,medo,gefahr,怖い,0.09563945978879929,-1,True,universal
treat,tratar,traitement,tratar,behandlung,治療,0.09579669684171677,-1,True,universal
office,oficina,bureau,escritório,büro,事務所,0.09609491378068924,-1,True,universal
unique,única,unique,única,einzige,唯一,0.0964813381433487,-1,True,universal
certain,cierta,certain,certa,bestimmt,確実,0.09653518348932266,-1,True,universal
sure,seguramente,sûr,certamente,sicherlich,確実,0.09778182953596115,-1,True,universal
economic,económica,économique,econômica,wirtschaft,経済,0.09800659120082855,-1,True,universal
van,van,van,of,van,av,0.09807148575782776,-1,True,universal
effects,efectos,effets,efeitos,ergebnisse,効果,0.09810351580381393,-1,True,universal
student,estudiantes,élève,estudantes,studenten,学生,0.09837821125984192,-1,True,universal
sit,sede,siège,sede,sitzen,席,0.09839190542697906,-1,True,universal
left,izquierda,gauche,esquerda,linken,左,0.09846391528844833,-1,True,universal
improve,mejorar,améliorer,melhorar,besser,改善,0.09895577281713486,-1,True,universal
successful,éxito,réussi,sucesso,erfolgreich,成功,0.09914274513721466,-1,True,universal
develop,desarrollo,développer,desenvolvimento,entwickeln,開発,0.09918971359729767,-1,True,universal
room,habitación,chambre,quarto,rum,室,0.09927824139595032,-1,True,universal
winning,ganar,gagné,vitória,gewonnen,勝ち,0.09930333495140076,44,True,universal
russia,rusia,russe,russo,russland,ロシア,0.099489226937294,-1,True,universal
age,edad,âge,idade,jährige,年齢,0.09951980412006378,-1,True,universal
chinese,china,chinois,china,china,中国,0.09998253732919693,-1,True,universal
up,arriba,haut,suas,up,アップ,0.10025010257959366,79,True,easy
might,quizá,pourrait,talvez,vielleicht,可能,0.10039009898900986,34,True,easy
structure,estructura,structure,estrutura,gebäude,構造,0.10063484311103821,-1,True,easy
head,cabeza,tête,cabeça,main,頭,0.10107363015413284,-1,True,easy
minute,minuto,minute,minutos,minute,瞬間,0.1012316420674324,-1,True,easy
sitting,sede,siège,sede,sitzen,席,0.10128279775381088,-1,True,easy
wind,viento,vent,vento,wind,風,0.10158341377973557,-1,True,easy
go,voy,allez,vão,gehen,go,0.10207538306713104,-1,True,easy
material,material,matériel,material,material,物,0.10221440345048904,-1,True,easy
enter,entrar,entrer,entrar,ins,入る,0.10229337960481644,-1,True,easy
i'm,estoy,me,estou,ich,わたし,0.10233300179243088,87,True,easy
vote,voto,vote,voto,stimmen,投票,0.10239497572183609,-1,True,easy
reasons,razones,raisons,motivos,reden,理由,0.10241985321044922,-1,True,easy
global,global,mondiale,global,weltweit,世界,0.10261393338441849,-1,True,easy
future,futuro,futur,futuro,nächste,将来,0.10309631377458572,-1,True,easy
annual,año,année,anos,jährige,年間,0.10316827893257141,-1,True,easy
players,jugadores,joueurs,jogadores,spieler,選手,0.10322058200836182,-1,True,easy
ever,siempre,jamais,sempre,immer,常に,0.10329350084066391,-1,True,easy
billion,millones,milliards,bilhões,milliarden,億,0.1033770963549614,-1,True,easy
google,google,google,google,google,youtube,0.10362350940704346,-1,True,easy
minutes,minutos,minutes,minutos,minuten,瞬間,0.10365740954875946,-1,True,easy
online,online,internet,online,online,ネット,0.10367938876152039,-1,True,easy
while,mientras,tandis,enquanto,während,とき,0.10379762947559357,-1,True,easy
art,arte,art,arte,art,絵,0.10391740500926971,-1,True,easy
sad,triste,triste,triste,traurig,残念,0.10429517179727554,-1,True,easy
story,cuento,histoire,história,geschichte,ストーリー,0.1043064296245575,-1,True,easy
cards,cartas,cartes,cartão,karte,カード,0.1043119728565216,-1,True,easy
meaning,significa,signifie,significa,bedeutet,意味,0.10442952811717987,-1,True,easy
population,población,population,população,bevölkerung,人々,0.10534479469060898,-1,True,easy
entire,toda,entier,inteiro,gesamte,全,0.10545533150434494,75,True,easy
anti,contra,anti,anti,gegen,対,0.10556698590517044,-1,True,easy
hours,horas,heures,horas,stunde,時間,0.10567186027765274,-1,True,easy
season,temporada,saison,temporada,saison,期,0.10567927360534668,-1,True,easy
leaving,dejando,quitte,deixando,verlassen,離れ,0.10573863983154297,-1,True,easy
sir,señor,monsieur,senhor,herr,先生,0.10604306310415268,-1,True,easy
obviously,claramente,clairement,claro,offensichtlich,明らか,0.10631582140922546,-1,True,easy
account,cuenta,compte,conta,zählt,アカウント,0.10639435797929764,16,True,easy
statement,declaración,déclaration,declaração,erklärung,発言,0.106451116502285,-1,True,easy
fresh,recién,nouveau,new,new,新しい,0.10682918131351471,-1,True,easy
via,vía,via,via,durch,によって,0.10738608241081238,-1,True,easy
itself,mismo,mêmes,própria,selbst,自ら,0.1074681431055069,88,True,easy
album,libro,album,álbum,album,アルバム,0.10763747990131378,-1,True,easy
air,aire,air,vento,luft,空気,0.10781171917915344,-1,True,easy
distance,distancia,distance,distância,weit,距離,0.10845068842172623,-1,True,easy
serve,sirve,servir,serve,dienen,サービス,0.10868818312883377,-1,True,easy
employees,empleados,employés,funcionários,mitarbeiter,スタッフ,0.10887037962675095,-1,True,easy
worse,peor,pire,pior,schlimmer,悪く,0.10905563086271286,-1,True,easy
beauty,belleza,beauté,beleza,schöne,美しい,0.10906893759965897,-1,True,easy
festival,festival,festival,festival,feiern,祭,0.1093900054693222,-1,True,easy
common,común,commun,comum,allgemeinen,普通,0.10942699015140533,-1,True,easy
impossible,imposible,impossible,impossível,unmöglich,なかなか,0.1100592091679573,-1,True,easy
impact,impacto,impact,impacto,einfluss,影響,0.110592320561409,-1,True,easy
mail,correo,message,mail,mail,メール,0.11062885820865631,-1,True,easy
hospital,hospital,hôpital,hospital,krankenhaus,病院,0.11069423705339432,-1,True,easy
growth,crecimiento,croissance,crescimento,entwicklung,成長,0.11105567961931229,-1,True,easy
content,contenido,content,conteúdo,enthalten,内容,0.11107785999774933,-1,True,easy
days,días,jours,dias,täglich,日,0.1114906594157219,-1,True,easy
already,deja,déjà,antes,bereits,既に,0.11157990992069244,-1,True,easy
length,larga,longueur,longo,lange,長,0.11184217780828476,-1,True,easy
critical,crítica,critique,crítica,kritik,批判,0.11199520528316498,-1,True,easy
cause,causa,cause,causa,reden,原因,0.11216093599796295,-1,True,easy
camera,cámara,chambre,câmara,kamera,カメラ,0.11233143508434296,-1,True,easy
mine,mío,me,minha,mein,my,0.1124633252620697,-1,True,easy
author,autor,auteur,autor,autor,者,0.11248043179512024,-1,True,easy
somewhere,dónde,où,onde,irgendwo,どこ,0.11266259849071503,-1,True,easy
defense,defensa,défense,defesa,schützen,保護,0.11275100708007812,-1,True,easy
technical,técnico,technique,técnico,technische,技術,0.1128302589058876,-1,True,easy
brother,hermano,frère,irmão,kollegen,兄弟,0.11295321583747864,-1,True,easy
allow,permite,permettre,permite,dürfen,せる,0.11319144815206528,-1,True,easy
drink,tomar,boire,beber,trinken,飲み,0.11371668428182602,-1,True,easy
planning,plan,plan,programação,plan,計画,0.11394284665584564,23,True,easy
like,gusta,comme,gostar,mögen,みたい,0.11407587677240372,46,True,easy
means,significa,signifie,significa,bedeutet,意味,0.11410052329301834,-1,True,easy
vehicle,coche,car,veículos,wagen,車,0.11426427960395813,-1,True,easy
evening,noche,soir,noite,abends,深夜,0.11460650712251663,12,True,easy
co,con,co,com,co,co,0.11478884518146515,-1,True,easy
safe,segura,sûr,segura,sicher,安全,0.11479024589061737,-1,True,easy
official,oficial,officiel,oficial,offiziell,官,0.11504300683736801,-1,True,easy
access,acceso,accès,acesso,erreichen,アクセス,0.1151462271809578,-1,True,easy
including,incluyendo,notamment,incluindo,enthalten,含め,0.11528485268354416,-1,True,easy
staff,empleados,personnel,funcionários,mannschaft,スタッフ,0.1155359074473381,-1,True,easy
managed,gestión,gérer,gestão,verwaltung,管理,0.11605916172266006,-1,True,easy
visit,visita,visite,visita,besuchen,観光,0.11619917303323746,-1,True,easy
day,día,jour,dias,täglich,日,0.11620970070362091,-1,True,easy
half,mitad,moitié,metade,mittel,半,0.11626213043928146,-1,True,easy
accident,accidente,accident,acidente,unfall,事故,0.11667846143245697,-1,True,easy
process,proceso,processus,processo,prozess,処理,0.11717693507671356,-1,True,easy
clear,claro,clair,claro,klar,クリア,0.11730965226888657,-1,True,easy
report,informe,rapport,relatório,melden,報告,0.11734113842248917,-1,True,easy
anyone,cualquiera,quelqu'un,quis,jemand,誰,0.11747033149003983,89,True,easy
local,local,local,local,heimat,地元,0.11756116896867752,-1,True,easy
brand,marca,marque,marca,mark,マーク,0.11767955124378204,-1,True,easy
provide,ofrece,offrir,oferecer,bieten,与える,0.11769134551286697,38,True,easy
commission,comisión,commission,comissão,kommission,委員,0.11779274046421051,-1,True,easy
asked,pidió,demandé,pediu,gefragt,求め,0.11817420274019241,-1,True,easy
institute,instituto,institut,instituto,institut,機関,0.1185331791639328,-1,True,easy
popular,popular,populaire,popular,bekannte,人気,0.11861506849527359,-1,True,easy
sport,deporte,sport,jogos,sport,スポーツ,0.11907107383012772,-1,True,easy
father,padre,père,padre,mama,父,0.11981062591075897,9,True,easy
cold,frío,froid,frio,cool,かい,0.11982002854347229,15,True,easy
crime,crimen,crime,crime,gewalt,犯罪,0.11999545246362686,-1,True,easy
song,canción,chanson,músicas,song,歌,0.12002954632043839,-1,True,easy
longer,larga,long,longa,länger,長く,0.12003917992115021,-1,True,easy
professional,profesional,professionnel,profissional,karriere,プロ,0.1206941306591034,-1,True,easy
sports,deporte,sport,jogos,sport,スポーツ,0.12116476893424988,-1,True,easy
words,palabras,mots,palavras,worte,言葉,0.12118472903966904,-1,True,easy
gift,regalo,cadeau,presentes,prozent,プレゼント,0.12131599336862564,-1,True,easy
stone,piedra,pierre,pedra,kamen,石,0.12148790061473846,-1,True,easy
discovered,encontrado,découvert,encontrado,entdeckt,発見,0.12159702926874161,-1,True,easy
food,comida,manger,comida,essen,食事,0.12170936167240143,-1,True,easy
second,segundo,second,segundo,zweite,二,0.12192492187023163,-1,True,easy
telling,diciendo,disant,dizendo,erzählen,言い,0.1221366822719574,29,True,easy
specific,particular,précise,particular,bestimmte,特定,0.12218416482210159,-1,True,easy
funny,humor,drôle,engraçado,lustig,面白い,0.12226437032222748,-1,True,easy
wonderful,excelente,magnifique,maravilhoso,schön,素晴らしい,0.12251239269971848,78,True,easy
david,david,david,david,david,dvd,0.12278223037719727,-1,True,easy
seeing,viendo,voir,olhar,sehen,観,0.12290987372398376,36,True,easy
airport,aeropuerto,aéroport,aeroporto,flughafen,駅,0.12301748245954514,-1,True,easy
practice,práctica,exercice,prática,praxis,練習,0.12319517135620117,-1,True,easy
books,libros,livres,livros,bücher,書,0.12351278960704803,-1,True,easy
together,juntos,ensemble,juntos,zusammen,一緒,0.12401293218135834,-1,True,easy
york,york,york,york,york,東京,0.12411853671073914,-1,True,easy
worst,peor,pire,pior,schlimmer,悪く,0.12429916113615036,-1,True,easy
quality,calidad,qualité,qualidade,qualität,価値,0.12473699450492859,-1,True,easy
middle,medio,moyen,médio,mittel,中央,0.12495749443769455,43,True,easy
sky,cielo,ciel,céu,himmel,宇宙,0.12498601526021957,-1,True,easy
facebook,facebook,facebook,facebook,facebook,ファン,0.12575006484985352,-1,True,easy
university,universidad,université,universidade,schule,大学,0.1261119842529297,-1,True,easy
yesterday,ayer,lendemain,ontem,gestern,昨日,0.1263897866010666,-1,True,easy
goal,objetivo,objectif,objetivo,zweck,目標,0.12700746953487396,22,True,easy
workers,trabajadores,employés,trabalhadores,mitarbeiter,労働,0.12744922935962677,-1,True,easy
would,sería,ferait,faria,würde,ます,0.1274779587984085,-1,True,easy
missed,perdió,perdu,perdeu,verloren,負け,0.12757936120033264,76,True,easy
football,fútbol,football,futebol,fussball,サッカー,0.1277799755334854,-1,True,easy
tour,visita,tour,viagem,tour,ツアー,0.12778951227664948,-1,True,easy
speed,velocidad,vitesse,velocidade,fast,速,0.12789864838123322,-1,True,easy
bus,coche,bus,ônibus,bus,バス,0.12845464050769806,-1,True,easy
issue,cuestión,issue,questão,problem,問題,0.1284647285938263,-1,True,easy
dangerous,peligro,dangereux,perigo,gefahr,危険,0.12850122153759003,-1,True,easy
sunday,domingo,dimanche,domingo,samstag,週,0.12850366532802582,3,True,easy
wrong,mis,mauvaise,errado,falsch,間違い,0.12855727970600128,-1,True,easy
reason,motivo,raison,motivo,reden,理由,0.12943413853645325,-1,True,easy
pay,pagar,pays,pagar,zahlen,付,0.12950506806373596,-1,True,easy
reports,informe,rapport,relatório,berichtet,報告,0.1298532783985138,-1,True,easy
similar,similar,ressemble,igual,ähnlich,同様,0.130009263753891,-1,True,easy
according,según,selon,conforme,entsprechend,による,0.13015776872634888,-1,True,easy
pain,dolor,pain,dor,traum,痛い,0.1302475780248642,-1,True,easy
direction,dirección,direction,direção,richtung,方向,0.1305176019668579,-1,True,easy
justice,justicia,justice,justiça,recht,正しい,0.13103102147579193,-1,True,easy
materials,materiales,matériel,material,material,物,0.13108865916728973,-1,True,easy
concept,concepto,concept,conceito,konzept,考え,0.1313890665769577,-1,True,easy
passed,pasó,passé,passou,vergangenen,過去,0.13158725202083588,-1,True,easy
houses,casas,maisons,casas,wohnung,家,0.13185907900333405,-1,True,easy
hold,mantener,tient,manter,halten,守る,0.13187560439109802,52,True,easy
birth,origen,naissance,nascimento,geboren,生まれ,0.13200221955776215,-1,True,easy
least,mínimo,minimum,mínimo,mindestens,少ない,0.13217401504516602,-1,True,easy
wood,madera,bois,madeira,strom,木,0.13227806985378265,-1,True,easy
older,mayores,vieux,velho,alten,古い,0.13236813247203827,-1,True,easy
step,pasos,étape,passo,schritt,歩,0.132379949092865,-1,True,easy
birthday,cumpleaños,anniversaire,aniversário,geburtstag,誕生,0.1324412226676941,-1,True,easy
sign,señal,signe,sinal,mark,マーク,0.13279764354228973,-1,True,easy
customers,clientes,clients,clientes,kunden,客,0.1329326629638672,-1,True,easy
reference,referencia,référence,referência,hinweis,参考,0.13299186527729034,-1,True,easy
songs,canciones,chanson,músicas,song,歌,0.13314276933670044,-1,True,easy
mostly,principalmente,plupart,principalmente,hauptsächlich,ほとんど,0.13316066563129425,-1,True,easy
teachers,profesores,professeur,professores,lehrer,師,0.13331833481788635,-1,True,easy
request,demanda,demande,pedir,gefragt,求め,0.1334557980298996,72,True,easy
station,estación,station,estação,halte,駅,0.13412122428417206,-1,True,easy
marriage,matrimonio,mariage,casamento,bruder,結婚,0.13424880802631378,-1,True,easy
read,leer,lire,ler,lesen,読み,0.1342710554599762,-1,True,easy
wedding,matrimonio,mariage,casamento,bruder,結婚,0.13444921374320984,-1,True,easy
highest,máximo,maximum,máximo,top,最高,0.134848490357399,-1,True,easy
prevent,evitar,empêcher,evitar,verhindern,止め,0.13497667014598846,-1,True,easy
hand,manos,arme,mão,hand,手,0.1353251188993454,27,True,easy
six,seis,six,seis,sechs,6,0.1356220245361328,-1,True,easy
edition,edición,édition,edição,version,版,0.13570743799209595,-1,True,easy
animals,animales,animaux,animais,natur,動物,0.13574455678462982,-1,True,easy
heard,escuchar,entendu,ouvi,hört,聞き,0.1358458250761032,-1,True,easy
served,sirve,servir,serve,dienen,サービス,0.13588857650756836,-1,True,easy
follows,siguen,suivi,seguindo,folgt,続い,0.13606317341327667,30,True,easy
dream,sueño,rêve,sonho,wunsch,夢,0.1364264190196991,-1,True,easy
faith,confianza,confiance,fé,glauben,信じ,0.13658203184604645,7,True,easy
legal,legal,droit,legal,sah,法律,0.13665252923965454,-1,True,easy
animal,animal,animaux,animal,natur,動物,0.13670095801353455,-1,True,easy
paper,papel,papier,papel,karte,紙,0.13686467707157135,-1,True,easy
teams,grupos,équipes,equipa,team,チーム,0.13698209822177887,-1,True,easy
couple,pareja,couple,casal,paar,結婚,0.13714949786663055,-1,True,easy
bed,cama,dormir,cama,schlafen,ベッド,0.13722588121891022,-1,True,easy
surprise,sorpresa,surprise,surpresa,überrascht,不思議,0.13722753524780273,-1,True,easy
until,hasta,jusqu'au,até,bisher,まで,0.1372426301240921,-1,True,easy
send,entrega,envoyer,enviar,schicken,送っ,0.13726648688316345,-1,True,easy
road,camino,chemin,estrada,wege,道路,0.13785533607006073,-1,True,easy
if,se,se,se,wenn,もし,0.13787168264389038,-1,True,easy
regular,normal,normal,normal,regelmässig,普段,0.1383848786354065,68,True,easy
reported,informe,rapport,relatório,berichtet,報告,0.13842222094535828,-1,True,easy
drinking,tomando,boire,beber,trinken,飲み,0.13876493275165558,-1,True,easy
book,libro,livres,livro,bücher,書,0.1388108879327774,-1,True,easy
recent,últimas,récemment,recentemente,letzten,最近,0.13898739218711853,-1,True,easy
goes,voy,allez,irá,geht,go,0.13918405771255493,-1,True,easy
gas,gas,gaz,gás,luft,ガス,0.13929526507854462,-1,True,easy
europe,europa,europe,europa,europa,日本,0.1395435929298401,-1,True,easy
century,siglo,siècle,século,jahrhundert,年代,0.13957242667675018,-1,True,easy
rest,vacaciones,reste,férias,rest,休み,0.14006046950817108,-1,True,easy
digital,digital,numérique,digital,online,デジタル,0.1400991827249527,-1,True,easy
code,código,code,código,nummer,コード,0.14038477838039398,-1,True,easy
1st,primera,1er,1º,erste,一番,0.14043226838111877,-1,True,easy
dear,querido,cher,querido,lief,愛し,0.14044901728630066,-1,True,easy
key,clave,clé,chave,main,キー,0.14098411798477173,-1,True,easy
violence,violencia,violence,violência,gewalt,犯罪,0.14113640785217285,-1,True,easy
lower,abajo,moindre,baixa,runter,低い,0.14128462970256805,69,True,easy
steps,pasos,étape,passo,schritt,段階,0.14137718081474304,-1,True,easy
october,octubre,octobre,outubro,oktober,月,0.1414019763469696,4,True,easy
realize,entender,comprendre,perceber,verstehe,意識,0.14146336913108826,-1,True,easy
shown,show,présenté,mostrar,gezeigt,見せ,0.14182014763355255,37,True,easy
killed,muerto,tué,morto,gestorben,殺し,0.1421394646167755,71,True,easy
own,propia,possède,própria,eigenen,自身,0.14246758818626404,-1,True,easy
association,asociación,association,associação,union,団体,0.14313863217830658,-1,True,easy
doctor,doctor,docteur,médico,dr,博士,0.143290713429451,-1,True,easy
meant,significa,signifie,significa,meint,意味,0.14370161294937134,-1,True,easy
present,presente,présent,presente,aktuellen,現在,0.14531315863132477,-1,True,easy
going,voy,allez,irá,geht,行き,0.1453307420015335,-1,True,easy
daughter,niña,fille,filha,mädchen,娘,0.1456601321697235,-1,True,easy
save,salvo,sauver,salvar,sparen,保存,0.14612817764282227,-1,True,easy
island,isla,île,ilha,laut,島,0.1461489051580429,-1,True,easy
avoid,evitar,éviter,evitar,verhindern,逃げ,0.14631392061710358,-1,True,easy
gay,sexual,sexe,gay,sex,セックス,0.14634442329406738,-1,True,easy
morning,temprano,matin,manhã,früh,朝,0.14641761779785156,-1,True,easy
reading,leer,lire,ler,lesen,読み,0.14733533561229706,-1,True,easy
anywhere,dónde,partout,onde,irgendwo,どこ,0.1475871503353119,-1,True,easy
mass,cantidad,masse,massa,masse,量,0.14768140017986298,-1,True,easy
details,detalles,détails,detalhes,informationen,詳細,0.1482725590467453,-1,True,easy
born,creado,naissance,nasceu,geboren,生まれ,0.1483888328075409,-1,True,easy
recently,recién,récemment,recentemente,zuletzt,最近,0.1489582061767578,-1,True,easy
judge,juez,juge,juiz,entscheiden,裁判,0.14897169172763824,-1,True,easy
with,le,avec,ar,mit,で,0.14931686222553253,-1,True,easy
presence,presencia,présence,presença,darstellung,存在,0.1493329554796219,-1,True,easy
mr,señor,monsieur,senhor,herr,先生,0.14936478435993195,-1,True,easy
pair,pareja,couple,casal,paar,お互い,0.1494034081697464,-1,True,easy
allowed,permite,permis,permite,erlaubt,せる,0.15015335381031036,-1,True,easy
again,re,encore,novamente,nochmal,再,0.15017792582511902,-1,True,easy
species,especie,types,espécie,tür,種,0.15026061236858368,-1,True,easy
features,características,fonctions,características,funktion,特徴,0.15035343170166016,-1,True,easy
date,fecha,date,dias,daten,日,0.15037637948989868,-1,True,easy
tree,madera,bois,madeira,strom,木,0.15055924654006958,-1,True,easy
plays,jugar,joue,jogos,spielt,プレイ,0.15063126385211945,58,True,easy
growing,crecimiento,croissance,crescimento,steigt,成長,0.1506834477186203,-1,True,easy
let,dejar,laisser,deixe,lassen,せる,0.15135513246059418,-1,True,easy
foreign,extranjero,étranger,estranho,ausserhalb,外国,0.15165600180625916,-1,True,easy
paying,pago,pays,pagar,zahlen,付,0.15189264714717865,-1,True,easy
artist,artista,artiste,artista,künstler,絵,0.1520794779062271,-1,True,easy
body,cuerpo,corps,corpo,ziel,身体,0.1521802842617035,-1,True,easy
developed,desarrollo,développer,desenvolvimento,entwickelt,開発,0.15228311717510223,-1,True,easy
additional,además,plus,além,extra,加え,0.15229485929012299,80,True,easy
serious,serio,sérieux,sério,ernst,ひどい,0.1529366821050644,-1,True,easy
civil,civil,civile,civil,öffentlichen,国民,0.15326248109340668,-1,True,easy
produced,produce,produire,produção,entstanden,生産,0.15327905118465424,-1,True,easy
there,allí,existe,aí,gibt's,そこ,0.1533878743648529,-1,True,easy
analysis,análisis,analyse,análise,studie,分析,0.15344950556755066,-1,True,easy
case,caso,cas,caso,sache,ケース,0.15377041697502136,-1,True,easy
scene,escena,scène,cenário,situation,シーン,0.15390418469905853,-1,True,easy
how,cómo,combien,como,wie,どう,0.15515963733196259,-1,True,easy
2nd,segunda,second,segunda,zweite,二,0.15542392432689667,-1,True,easy
its,the,lui,it,seinem,it,0.15544955432415009,83,True,easy
heat,calor,chaud,calor,cool,熱,0.15548115968704224,-1,True,easy
soon,pronto,bientôt,pronto,schnell,そろそろ,0.15553243458271027,-1,True,easy
mobile,móvil,téléphone,celular,telefon,携帯,0.15627744793891907,-1,True,easy
voice,sonido,voix,voz,stimme,声,0.15636701881885529,-1,True,easy
london,londres,londres,londres,london,東京,0.1563776284456253,-1,True,easy
becomes,ocurre,devient,ocorre,wird,なる,0.1568147838115692,82,True,easy
insurance,seguro,assurance,seguro,sicherheit,保険,0.1569686084985733,-1,True,easy
excited,feliz,heureux,alegre,freut,嬉しい,0.15697911381721497,-1,True,easy
facts,hechos,faits,facto,tatsache,事実,0.15718893706798553,-1,True,easy
mouth,boca,bouche,boca,gesicht,口,0.15731105208396912,-1,True,easy
committee,comité,comité,comissão,kommission,委員,0.15752270817756653,-1,True,easy
unit,unidad,unité,unidade,einzelne,一体,0.15766865015029907,-1,True,easy
box,caja,boîte,caixa,bin,箱,0.15771335363388062,-1,True,easy
cannot,imposible,impossible,impossível,unmöglich,無い,0.15782412886619568,-1,True,easy
without,ningún,sans,nenhuma,ohne,なく,0.15803466737270355,-1,True,easy
volume,cantidad,volume,volume,masse,量,0.15822313725948334,-1,True,easy
president,presidente,président,presidente,präsident,大統領,0.1582651138305664,-1,True,easy
dog,perro,chien,animais,hund,犬,0.15830160677433014,-1,True,easy
european,europea,européen,europeia,europäische,日本人,0.15877260267734528,-1,True,easy
otherwise,iba,sinon,outra,sonst,別に,0.15897424519062042,-1,True,easy
guy,hombre,garçon,menino,man,男,0.1590128242969513,55,True,easy
court,tribunal,court,tribunal,hof,裁判,0.15970852971076965,-1,True,easy
software,software,programme,software,programm,プログラム,0.1601618230342865,-1,True,easy
authority,autoridad,autorité,autoridade,macht,権,0.16018734872341156,-1,True,easy
amount,cantidad,montant,quantidade,anzahl,量,0.16043566167354584,-1,True,easy
los,los,les,los,los,左,0.16058063507080078,-1,True,easy
party,partido,parties,festa,party,派,0.16076816618442535,-1,True,easy
can't,imposible,impossible,impossível,unmöglich,無い,0.16184774041175842,-1,True,easy
signed,escrito,signé,escrito,geschrieben,書き,0.16248351335525513,-1,True,easy
eye,ojos,œil,olho,sicht,目,0.16267694532871246,-1,True,easy
seriously,serio,sérieux,sério,ernst,しっかり,0.16300614178180695,-1,True,easy
terms,términos,termes,condições,bedingungen,条件,0.1631333827972412,-1,True,easy
hall,sala,salle,sala,halle,室,0.16332115232944489,-1,True,easy
master,maestro,maître,mestre,meister,主,0.16384272277355194,-1,True,easy
pass,pase,passe,passar,vorbei,go,0.1647530049085617,-1,True,easy
eyes,ojos,yeux,olhos,sicht,目,0.1647609919309616,-1,True,easy
guard,guardia,garde,guarda,schützen,守る,0.16487188637256622,-1,True,easy
rich,rico,riche,rico,reich,高い,0.16522012650966644,-1,True,easy
far,lejos,distance,longe,weit,距離,0.1652819663286209,-1,True,easy
grow,crecimiento,croissance,crescer,steigt,成長,0.16532805562019348,-1,True,easy
interview,entrevista,entretien,entrevista,interview,会話,0.16559730470180511,-1,True,easy
method,método,méthode,maneira,stil,方法,0.16665562987327576,-1,True,easy
wonder,sorpresa,surprise,surpresa,wunder,不思議,0.16674846410751343,-1,True,easy
went,fue,allé,saiu,gegangen,go,0.1667514145374298,-1,True,easy
taste,gusto,goût,gosto,bau,味,0.16741257905960083,-1,True,easy
re,re,reprendre,tornar,wieder,再,0.16772280633449554,-1,True,easy
dogs,perros,chien,animais,hund,犬,0.16860908269882202,-1,True,easy
japan,japón,japon,japão,jung,日本,0.1686956137418747,-1,True,easy
either,ambas,soit,vai,entweder,もしくは,0.16876481473445892,53,True,easy
couldn't,imposible,impossible,impossível,unmöglich,まさか,0.16877076029777527,-1,True,easy
current,corriente,actuelle,atual,aktuellen,現在,0.1697368025779724,-1,True,easy
owned,propiedad,possède,possui,besitzt,持つ,0.16977262496948242,-1,True,easy
clean,claro,propres,claro,klar,クリア,0.17053838074207306,-1,True,easy
citizens,ciudadanos,citoyens,habitantes,personen,国民,0.1708291620016098,-1,True,easy
map,carta,carte,mapa,karte,カード,0.1717669665813446,-1,True,easy
college,universidad,collège,faculdade,schule,大学,0.17198710143566132,-1,True,easy
links,relaciones,liens,link,links,リンク,0.17226289212703705,-1,True,easy
sound,sonido,voix,voz,klingt,声,0.17272023856639862,-1,True,easy
medical,medicina,médecin,medicina,legen,医療,0.17277272045612335,-1,True,easy
league,liga,ligue,liga,league,試合,0.1732165813446045,-1,True,easy
village,pueblo,village,município,stadt,村,0.17338725924491882,-1,True,easy
electric,energía,électrique,energia,energie,電気,0.17377914488315582,-1,True,easy
ad,publicidad,annonce,divulgação,werbung,広告,0.17440111935138702,-1,True,easy
way,manera,voie,maneira,wege,道,0.17459578812122345,-1,True,easy
hi,hola,bonjour,oi,hallo,こんにちは,0.17463304102420807,-1,True,easy
parties,partidos,parties,partes,parteien,派,0.17476075887680054,-1,True,easy
modern,moda,moderne,atual,moderne,現代,0.17508205771446228,-1,True,easy
weight,peso,poids,peso,schwere,重,0.17535974085330963,-1,True,easy
rock,piedra,pierre,rock,kamen,石,0.1754636913537979,-1,True,easy
independent,independiente,indépendance,independente,unabhängig,自由,0.1755099892616272,-1,True,easy
character,carácter,caractère,personagem,typen,キャラ,0.17575648427009583,-1,True,easy
hello,hola,bonjour,parabéns,hallo,こんにちは,0.1760532110929489,-1,True,easy
criminal,crimen,crime,crime,böse,犯罪,0.1770346611738205,-1,True,easy
japanese,japón,japon,japão,italien,日本語,0.1771497130393982,-1,True,easy
straight,directa,direct,direto,gerade,正直,0.17733150720596313,-1,True,easy
southern,norte,ouest,norte,norden,南,0.17742690443992615,0,True,easy
paris,parís,paris,paris,paris,パ,0.1775112748146057,-1,True,easy
share,compartir,partage,dele,teilen,参加,0.17780691385269165,-1,True,easy
married,matrimonio,mariage,casar,bruder,結婚,0.1781521886587143,-1,True,easy
even,igual,même,igual,sogar,すら,0.17818281054496765,-1,True,easy
surface,superficie,surface,face,gesicht,面,0.1783701628446579,-1,True,easy
ways,manera,manière,maneira,wege,方法,0.17848484218120575,-1,True,easy
short,corta,bref,curta,kurzen,小さい,0.1787121593952179,-1,True,easy
traditional,tradicional,classique,tradicional,tradition,旧,0.17902469635009766,-1,True,easy
luck,suerte,hasard,sorte,glück,運,0.17921990156173706,-1,True,easy
foot,pasos,pied,pés,schritt,足,0.17935572564601898,-1,True,easy
garden,parque,jardin,jardim,garten,園,0.17941172420978546,-1,True,easy
session,sesión,séance,sessão,sitzen,会議,0.17991596460342407,-1,True,easy
feature,características,fonction,características,funktion,特徴,0.18001008033752441,-1,True,easy
career,carrera,carrière,carreira,karriere,仕事,0.1802148073911667,-1,True,easy
order,orden,ordre,ordem,regel,依頼,0.18029075860977173,-1,True,easy
weird,extraño,bizarre,estranho,wunder,おかしい,0.18043215572834015,-1,True,easy
ill,mal,malade,mal,krank,病,0.1807963103055954,47,True,easy
lord,señor,seigneur,senhor,herren,主,0.1812298595905304,-1,True,easy
largest,máximo,maximum,maior,grösste,最も,0.18166418373584747,-1,True,easy
paid,pago,pays,pagar,bezahlt,付,0.182111456990242,-1,True,easy
set,conjunto,mettre,conjunto,setzen,セット,0.18234162032604218,-1,True,easy
biggest,máximo,maximum,maior,grösste,最も,0.18304750323295593,-1,True,easy
chairman,presidente,président,presidente,präsident,社長,0.18372589349746704,-1,True,easy
frank,claro,clair,claro,frank,明らか,0.18395479023456573,-1,True,easy
along,junto,avec,junto,entlang,とともに,0.18409058451652527,-1,True,easy
file,documento,dossier,arquivos,bestand,ファイル,0.18449071049690247,-1,True,easy
matters,asuntos,choses,assuntos,probleme,もの,0.18466132879257202,85,True,easy
greatest,máximo,maximum,maior,beste,最も,0.1849251538515091,-1,True,easy
feet,pasos,pieds,pés,treten,足,0.18514008820056915,-1,True,easy
doubt,duda,doute,dúvida,zweifel,信じ,0.18523289263248444,-1,True,easy
director,director,directeur,diretor,chef,社長,0.18527497351169586,-1,True,easy
competition,competencia,compétition,competição,kämpfen,試合,0.18578091263771057,-1,True,easy
paul,pablo,paul,paul,paul,パ,0.18619495630264282,-1,True,easy
street,calles,rue,ruas,wege,街,0.1863786280155182,-1,True,easy
pressure,presión,pression,pressão,presse,力,0.1863791048526764,-1,True,easy
cases,casos,cas,casos,situation,場合,0.18657712638378143,-1,True,easy
capital,capital,capital,capital,main,資金,0.18695738911628723,-1,True,easy
space,espacio,espace,espaço,rum,宇宙,0.1869582086801529,-1,True,easy
collection,colección,collection,conjunto,auftrag,集め,0.18799853324890137,-1,True,easy
due,debido,dû,devido,aufgrund,ため,0.188292995095253,-1,True,easy
table,mesa,table,mesa,liste,表,0.18839938938617706,-1,True,easy
anymore,más,mais,mais,noch,もう,0.18850381672382355,-1,True,easy
medicine,medicina,médecin,medicina,legen,薬,0.18889427185058594,-1,True,easy
stage,etapa,stade,fase,schritt,ステージ,0.18897530436515808,-1,True,easy
dance,canción,danse,dança,spielen,ダンス,0.18984006345272064,-1,True,easy
sun,sol,soleil,sol,sonne,天,0.19041624665260315,-1,True,easy
source,fuente,source,fonte,original,オリジナル,0.19130690395832062,-1,True,easy
rose,rosa,rose,rosa,roten,赤,0.19216488301753998,-1,True,easy
introduced,presentó,présenté,apresenta,vorstellen,紹介,0.1926289200782776,-1,True,easy
away,lejos,partir,pois,weg,離れ,0.19326549768447876,-1,True,easy
housing,hogar,logement,casas,wohnung,居,0.19358095526695251,-1,True,easy
role,función,rôle,função,rolle,役,0.19463734328746796,-1,True,easy
theory,teoría,théorie,teoria,konzept,論,0.19466190040111542,-1,True,easy
tax,impuestos,charge,taxa,toll,税,0.19484208524227142,-1,True,easy
characters,personajes,personnages,personagens,zeichen,キャラ,0.19511623680591583,-1,True,easy
income,ingresos,revenus,ganha,verdienen,収入,0.19525648653507233,-1,True,easy
lucky,suerte,heureusement,sorte,glück,運,0.19566376507282257,-1,True,easy
rather,mejor,plutôt,mais,eher,より,0.19720882177352905,-1,True,easy
magazine,revista,journal,revista,zeitung,雑誌,0.19788840413093567,-1,True,easy
congress,congreso,congrès,congresso,union,大会,0.19805867969989777,-1,True,easy
letter,carta,lettre,carta,mail,書き,0.1995794028043747,-1,True,easy
net,siete,réseau,rede,nett,ネット,0.19968131184577942,-1,True,easy
honest,cierto,franchement,verdadeiro,ehrlich,正直,0.19989481568336487,-1,True,easy
score,punto,point,ponto,grade,ポイント,0.20005197823047638,-1,True,hard
shall,tendrá,doivent,devem,soll,する,0.20027689635753632,86,True,hard
blood,sangre,eau,sangue,verein,血,0.20064488053321838,-1,True,hard
partner,compañero,compagnie,parceria,partner,仲間,0.20072408020496368,-1,True,hard
sweet,dulce,sympa,doce,monate,かわいい,0.20117661356925964,-1,True,hard
campaign,campaña,campagne,campanha,werbung,作戦,0.2015661895275116,-1,True,hard
husband,esposa,homme,marido,mann,夫,0.20186208188533783,-1,True,hard
bag,bolsa,sac,caixa,sachen,ケース,0.2023143768310547,-1,True,hard
ready,listo,préparer,pronto,bereit,準備,0.2028094232082367,-1,True,hard
leader,líder,tête,líder,führen,頭,0.20315882563591003,64,True,hard
fans,seguidores,aimes,fãs,fans,ファン,0.20332367718219757,-1,True,hard
rare,raro,rare,pobre,selten,少ない,0.20368391275405884,-1,True,hard
strategy,estrategia,stratégie,política,politik,作戦,0.2044525295495987,-1,True,hard
award,premio,faveur,prêmio,ausgabe,賞,0.20455718040466309,-1,True,hard
council,consejo,conseil,conselho,kommission,委員,0.20501098036766052,-1,True,hard
advice,consejo,conseils,conselho,empfehlen,相談,0.2054729461669922,-1,True,hard
mean,significa,moyen,significa,bedeutet,意味,0.20632149279117584,-1,True,hard
wake,dormir,dormir,dormir,schlafen,起こし,0.20646998286247253,-1,True,hard
property,propiedad,propriété,propriedade,besitzt,本物,0.20672719180583954,-1,True,hard
press,prensa,presse,pressão,presse,ボタン,0.20696045458316803,-1,True,hard
gonna,hará,vais,dê,will,ます,0.20708566904067993,-1,True,hard
cat,perro,chien,garota,hund,猫,0.20725849270820618,-1,True,hard
approach,acceso,approche,acesso,erreichen,アクセス,0.2077600657939911,-1,True,hard
hey,hola,eh,oi,hey,ハイ,0.2096307873725891,-1,True,hard
classic,tradicional,classique,tradicional,tradition,旧,0.2106667309999466,-1,True,hard
chicago,york,york,york,york,東京,0.21108871698379517,-1,True,hard
corner,lado,côté,lado,buch,側,0.21127527952194214,19,True,hard
traffic,transporte,transport,transporte,bewegung,交通,0.21132966876029968,-1,True,hard
add,poner,ajouter,aumentar,hinzu,追加,0.21278809010982513,-1,True,hard
caused,causa,cause,causa,entstanden,発生,0.21296796202659607,-1,True,hard
michael,miguel,michael,michael,michael,マーク,0.2139434516429901,-1,True,hard
stopped,quedó,arrêté,parar,halt,停止,0.21403436362743378,-1,True,hard
secretary,secretario,secrétaire,secretário,büro,官,0.21412348747253418,-1,True,hard
captain,capitán,capitaine,capitão,präsident,社長,0.21413035690784454,-1,True,hard
blog,blog,post,blog,website,ブログ,0.21500247716903687,-1,True,hard
physical,física,physique,física,natur,身体,0.21600399911403656,-1,True,hard
minister,ministro,ministre,ministro,bürgermeister,官,0.21623341739177704,-1,True,hard
failure,error,défaut,falta,unfall,失敗,0.21724148094654083,-1,True,hard
term,término,terme,prazo,saison,期間,0.21752697229385376,-1,True,hard
fucking,mierda,fou,merda,verdammt,クソ,0.2175864279270172,48,True,hard
senior,mayores,supérieur,velho,alten,古い,0.21805423498153687,-1,True,hard
boss,jefe,maître,chefe,chef,社長,0.2181355357170105,-1,True,hard
fund,fondos,fonds,fundação,grundlage,資金,0.21827584505081177,18,True,hard
evidence,evidencia,preuve,provas,hinweis,証拠,0.2187858521938324,-1,True,hard
care,cuidado,soins,cuidar,behandlung,心配,0.21958203613758087,-1,True,hard
estate,propiedad,propriété,propriedade,wohnung,土地,0.2205982506275177,-1,True,hard
floor,suelo,terre,chão,land,階,0.22060738503932953,-1,True,hard
journal,diario,journal,revista,zeitung,誌,0.2207954078912735,-1,True,hard
enjoy,gusto,profiter,prazer,freuen,楽し,0.22198349237442017,-1,True,hard
channel,canal,canal,canal,szene,道,0.22237621247768402,-1,True,hard
machine,coche,machine,máquina,mach,機,0.22257934510707855,-1,True,hard
sent,entrega,sent,mandou,schicken,送っ,0.22266635298728943,-1,True,hard
miles,miles,kilomètres,mil,kilometer,mm,0.22269828617572784,-1,True,hard
units,unidad,unité,unidades,einzelne,装置,0.2228419929742813,-1,True,hard
board,mesa,bord,mesa,platz,板,0.22375932335853577,-1,True,hard
royal,reino,royaume,reino,reich,王,0.22377818822860718,-1,True,hard
awards,premio,faveur,prêmio,leistungen,賞,0.22378140687942505,-1,True,hard
damage,daño,dommage,perda,schade,破壊,0.223842591047287,-1,True,hard
tea,café,café,café,kaffee,杯,0.22387297451496124,-1,True,hard
profile,perfil,fiche,perfil,bestand,ファイル,0.22395311295986176,-1,True,hard
wide,larga,largement,grande,breite,大きい,0.2246105819940567,-1,True,hard
resources,recursos,ressources,recursos,material,資金,0.2250625491142273,-1,True,hard
cut,corte,section,corte,sag,割,0.22516293823719025,-1,True,hard
background,fondo,contexte,fundo,hintergrund,バック,0.22582606971263885,-1,True,hard
respect,respeto,respect,respeito,verhältnis,守る,0.22627943754196167,-1,True,hard
clothes,equipos,vêtements,roupas,damit,服,0.22716423869132996,-1,True,hard
fashion,moda,tendance,estilo,moderne,スタイル,0.22796794772148132,-1,True,hard
stress,presión,pression,pressão,eindruck,力,0.22810935974121094,-1,True,hard
queen,reina,prince,rainha,schwester,姫,0.22889995574951172,-1,True,hard
mountain,alta,sommet,monte,hoch,山,0.22940561175346375,-1,True,hard
kind,tipo,sympa,tipo,kind,っぽい,0.22942310571670532,-1,True,hard
sort,orden,sort,ordem,ordnung,セット,0.22945018112659454,-1,True,hard
orders,orden,ordre,ordem,beiträge,依頼,0.22988830506801605,-1,True,hard
close,cerca,près,fechar,schliessen,近い,0.22991147637367249,45,True,hard
sounds,sonido,voix,músicas,klingt,音,0.23110024631023407,-1,True,hard
train,tren,train,ônibus,wagen,電車,0.23180484771728516,-1,True,hard
prince,rey,prince,príncipe,herren,姫,0.231935054063797,-1,True,hard
king,rey,prince,rei,herren,王,0.2326718270778656,-1,True,hard
hate,odio,colère,raiva,lust,嫌い,0.23350122570991516,-1,True,hard
hurt,daño,pain,dor,verletzt,痛い,0.23378989100456238,-1,True,hard
hair,piel,cheveux,cabelo,bald,髪,0.23434321582317352,-1,True,hard
agent,agentes,agent,agente,mitarbeiter,代表,0.235918328166008,-1,True,hard
adult,mayores,âge,velho,alten,大人,0.23608136177062988,-1,True,hard
robert,alberto,robert,roberto,robert,ロボット,0.23654140532016754,-1,True,hard
ordered,pedido,ordre,pedido,angebot,依頼,0.23683765530586243,-1,True,hard
mary,maría,marie,maria,maria,ママ,0.23690271377563477,-1,True,hard
ride,marcha,voyage,andar,fahren,運転,0.2369433045387268,59,True,hard
injury,daño,dommage,acidente,schade,被害,0.23717087507247925,-1,True,hard
parliament,diputados,parlement,deputados,politiker,議員,0.2374374270439148,-1,True,hard
federal,federal,nationale,federal,bundesregierung,県,0.237885981798172,-1,True,hard
prepared,listo,préparer,feita,bereit,準備,0.23807238042354584,-1,True,hard
prison,prisión,prison,prisão,grenze,逮捕,0.2382071614265442,-1,True,hard
agency,agentes,agence,agência,firma,機関,0.23979763686656952,-1,True,hard
effective,funciona,efficace,efeito,wirkt,効果,0.24013526737689972,-1,True,hard
fit,correcto,match,conforme,passt,合わせ,0.24027226865291595,66,True,hard
wow,vaya,oh,vá,wow,よー,0.24243178963661194,-1,True,hard
officers,funcionarios,autorités,oficiais,soldaten,官,0.2425842583179474,-1,True,hard
proud,honor,honneur,orgulho,stolz,嬉しい,0.2428499013185501,-1,True,hard
port,puerto,port,porto,flughafen,駅,0.24355363845825195,-1,True,hard
officer,oficial,directeur,oficial,mitarbeiter,官,0.24424399435520172,-1,True,hard
secret,secreto,secret,saber,sache,秘密,0.24454501271247864,-1,True,hard
complex,conjunto,complexe,complexo,zusammenhang,一体,0.24491675198078156,-1,True,hard
alternative,opción,changer,opção,alternative,代わり,0.2462824434041977,-1,True,hard
review,opinión,revue,opinião,prüfung,検討,0.2464808076620102,-1,True,hard
financial,fiscal,économique,econômica,geld,経済,0.24649958312511444,-1,True,hard
wine,vino,vin,beber,bier,酒,0.24739514291286469,-1,True,hard
worry,cuidado,peur,cuidado,sorgen,心配,0.24783918261528015,-1,True,hard
cancer,cáncer,cancer,câncer,krank,病,0.24863167107105255,-1,True,hard
credit,crédito,crédit,conta,schuld,信用,0.24867404997348785,-1,True,hard
equipment,equipos,appareil,ferramentas,anlage,装置,0.24872426688671112,-1,True,hard
bar,banda,bar,banda,bin,バー,0.24928788840770721,-1,True,hard
climate,clima,environnement,clima,luft,雰囲気,0.24954938888549805,-1,True,hard
lee,lee,les,lei,liegt,レ,0.25062695145606995,-1,True,hard
metal,material,matière,material,material,機械,0.2516237199306488,-1,True,hard
governor,gobernador,seigneur,governador,bürgermeister,官,0.25180548429489136,-1,True,hard
bitch,perro,chien,merda,hund,猫,0.2519708573818207,-1,True,hard
skin,piel,peau,tela,gesicht,顔,0.252702921628952,-1,True,hard
weather,clima,temps,clima,wind,風,0.25309476256370544,-1,True,hard
i'd,quisiera,pourrais,gostaria,ich,i,0.25514575839042664,-1,True,hard
positive,buena,bonnes,tive,positiv,良,0.2552069425582886,-1,True,hard
push,presión,pression,pressão,presse,引き,0.25575318932533264,-1,True,hard
sources,fuentes,sources,fontes,links,ベース,0.25621554255485535,-1,True,hard
ed,edición,édition,edição,afd,編集,0.25642192363739014,-1,True,hard
involved,participar,concerne,participar,verbunden,参加,0.25684821605682373,50,True,hard
cup,copa,coupe,copa,seele,カップ,0.2573699653148651,-1,True,hard
focus,atención,attention,foco,zentrum,集中,0.2575329840183258,-1,True,hard
engineering,técnica,construction,técnica,technische,技術,0.2577977180480957,-1,True,hard
ball,dice,football,bola,ball,ボール,0.25790372490882874,-1,True,hard
flight,avión,avion,viagem,fliegen,鳥,0.25831377506256104,-1,True,hard
slow,rápido,retard,rápido,langsam,ゆっくり,0.2586103677749634,-1,True,hard
drug,drogas,médecin,drogas,legen,薬,0.25879475474357605,-1,True,hard
transfer,transporte,transport,transmissão,bewegen,派遣,0.2590484619140625,-1,True,hard
brown,red,bleu,negra,blau,黒,0.2594786286354065,1,True,hard
owner,propiedad,propriétaire,possui,besitzt,主,0.26071417331695557,-1,True,hard
benefit,beneficios,avantage,favor,vorteil,勝手,0.26108959317207336,-1,True,hard
useful,interesante,utile,interessante,handy,便利,0.26255151629447937,-1,True,hard
charge,carga,charge,pagar,toll,付,0.26268839836120605,-1,True,hard
advantage,beneficios,avantage,favor,vorteil,勝手,0.2641874849796295,-1,True,hard
limited,mínimo,limite,limites,grenzen,限定,0.2642996311187744,-1,True,hard
address,dirección,adresse,mail,mail,url,0.2646616995334625,-1,True,hard
episode,capítulo,épisode,episódio,prozess,部分,0.2657235562801361,-1,True,hard
skills,técnica,techniques,técnica,erfahrungen,能力,0.2659229636192322,-1,True,hard
welcome,saludos,accueil,parabéns,willkommen,迎え,0.2679167091846466,-1,True,hard
benefits,beneficios,avantage,favor,vorteil,権利,0.2702037990093231,-1,True,hard
compared,similar,match,conforme,vergleich,比べ,0.27038535475730896,-1,True,hard
challenge,cuestión,tenter,desafio,anspruch,挑戦,0.2705707848072052,-1,True,hard
fan,aire,vent,fãs,fans,ファン,0.2711631953716278,-1,True,hard
progress,desarrollo,avance,desenvolvimento,entwicklung,進め,0.27118220925331116,-1,True,hard
computer,internet,numérique,computador,computer,pc,0.2717527747154236,-1,True,hard
fix,resolver,rendez,resolver,lösen,修正,0.271798312664032,-1,True,hard
democratic,democracia,république,república,demokratie,主義,0.2719815671443939,-1,True,hard
break,partir,partir,parar,pause,切れ,0.2722514569759369,-1,True,hard
thomas,temas,thomas,tom,thomas,たま,0.2723207175731659,-1,True,hard
river,río,eaux,rio,regen,川,0.2729131579399109,-1,True,hard
drugs,drogas,médecin,drogas,alkohol,薬,0.2733730375766754,-1,True,hard
off,on,hors,pois,geschlossen,av,0.27356427907943726,-1,True,hard
rate,nivel,taux,taxa,grade,率,0.2756901979446411,26,True,hard
track,ruta,route,pista,folge,レース,0.27597182989120483,-1,True,hard
executive,ejecutivo,directeur,diretor,betrieb,官,0.2762700915336609,-1,True,hard
please,pedir,merci,obrigada,bitte,どうぞ,0.27635252475738525,-1,True,hard
hill,valle,sommet,monte,hoch,山,0.278117299079895,-1,True,hard
horse,ganado,cheval,carro,hund,馬,0.2794639468193054,-1,True,hard
peter,perú,paul,peter,peter,パ,0.2795202136039734,-1,True,hard
instead,cambiar,plutôt,entretanto,statt,代わり,0.2795248329639435,-1,True,hard
tom,toma,thomas,tom,thomas,ダム,0.2801399230957031,-1,True,hard
fuel,gas,gaz,gás,vater,エネルギー,0.28474828600883484,-1,True,hard
library,biblioteca,musée,livro,literatur,書,0.28539568185806274,-1,True,hard
fly,avión,avion,correr,fliegen,鳥,0.28673145174980164,-1,True,hard
removed,tomado,laissé,pois,entfernt,消し,0.28710851073265076,-1,True,hard
emergency,accidente,urgence,emergência,notwendig,急,0.28759729862213135,-1,True,hard
wild,animal,fera,animal,natur,獣,0.2888111472129822,-1,True,hard
bridge,puente,mur,ponte,fort,ビル,0.2909931242465973,-1,True,hard
audience,audiencia,publics,público,besucher,視聴,0.29270657896995544,-1,True,hard
flying,avión,avion,correr,fliegen,鳥,0.2938689887523651,-1,True,hard
mike,méxico,mec,michael,michael,マーク,0.29623207449913025,-1,True,hard
plane,planes,avion,plano,fliegen,船,0.29765188694000244,-1,True,hard
release,libertad,sortir,lançamento,lösen,リリース,0.2984701693058014,-1,True,hard
cross,cruz,croix,cruz,strecke,切れ,0.29863643646240234,-1,True,hard
waste,basura,perte,lixo,verlieren,無駄,0.29867255687713623,-1,True,hard
busy,lleno,chargé,cheio,beschäftigt,仕事,0.29898151755332947,-1,True,hard
touch,toca,touche,tocar,kontakt,感じる,0.2990497946739197,-1,True,hard
christmas,navidad,noël,santa,christian,冬,0.3001595437526703,-1,True,untranslatable
louis,luis,louis,luiz,lebens,左,0.3018774092197418,-1,True,untranslatable
hundred,ciento,cent,milhares,zehn,百,0.30377885699272156,21,True,untranslatable
literally,precisamente,franchement,diretamente,grundsätzlich,実際,0.3040718734264374,-1,True,untranslatable
lol,lo,rire,engraçado,lachen,笑,0.30503350496292114,-1,True,untranslatable
race,carrera,compétition,corrida,kaum,レース,0.30929842591285706,-1,True,untranslatable
cheap,económico,cher,econômica,leicht,安い,0.3114941716194153,-1,True,untranslatable
spread,distribución,distribution,distribuição,breite,展開,0.3126470148563385,-1,True,untranslatable
setting,régimen,disposition,colocar,gesetzt,設定,0.3136121332645416,-1,True,untranslatable
indian,india,intérieur,índia,italien,イン,0.3155578076839447,-1,True,untranslatable
martin,minuto,martin,maria,martin,マン,0.31596639752388,-1,True,untranslatable
india,india,italie,índia,internet,イン,0.3209606111049652,-1,True,untranslatable
mexico,méxico,québec,méxico,michael,米国,0.3238195776939392,-1,True,untranslatable
deep,serio,fond,ruim,tief,しっかり,0.32397034764289856,-1,True,untranslatable
henry,hayan,hein,harry,heinrich,ハイ,0.32597723603248596,-1,True,untranslatable
ring,cadena,pendant,torno,runde,巻,0.3261163830757141,-1,True,untranslatable
lie,vale,faux,vale,liess,詐欺,0.32806912064552307,-1,True,untranslatable
investment,inversión,intervention,capital,einführung,投資,0.3291097581386566,-1,True,untranslatable
christ,santa,saint,cristo,christian,神,0.3322748839855194,5,True,untranslatable
stock,bienes,réserve,reserva,lager,置い,0.3325650990009308,-1,True,untranslatable
coach,profesor,train,mestre,trainer,指導,0.33338525891304016,-1,True,untranslatable
budget,presupuesto,budget,econômica,plan,資金,0.33525511622428894,-1,True,untranslatable
leaves,letras,pages,folha,lässt,葉,0.3358815610408783,-1,True,untranslatable
balance,igualdad,égalité,igual,verhältnis,余裕,0.33687451481819153,-1,True,untranslatable
lake,río,lac,praia,laut,川,0.3371473252773285,-1,True,untranslatable
block,embargo,empêcher,fechar,halt,ブロック,0.3373579978942871,-1,True,untranslatable
click,golpe,touche,clique,knapp,ボタン,0.33768704533576965,-1,True,untranslatable
window,puerta,écran,porta,fenster,画面,0.3381126821041107,11,True,untranslatable
senate,sede,séance,senador,sitzen,議員,0.33850204944610596,-1,True,untranslatable
plant,planta,établissement,colocar,anlage,工場,0.34097132086753845,-1,True,untranslatable
flat,plata,surface,plano,platz,横,0.34884193539619446,-1,True,untranslatable
valley,valle,village,vale,tief,山,0.3510464131832123,-1,True,untranslatable
canada,india,canada,china,deutschland,韓国,0.36094582080841064,-1,True,untranslatable
host,hogar,patron,gosta,gäste,主,0.36230501532554626,-1,True,untranslatable
cell,celular,celle,celular,köln,脳,0.363543838262558,-1,True,untranslatable
richard,rey,robert,ricardo,robert,赤,0.3671005964279175,-1,True,untranslatable
australia,brasil,algérie,israel,ausland,アメリカ,0.3695864975452423,-1,True,untranslatable
pop,toca,poser,tocar,opfer,プレイ,0.37243911623954773,-1,True,untranslatable
harry,hayan,marie,harry,heinrich,ハイ,0.3738389015197754,-1,True,untranslatable
lies,tales,faux,las,liess,詐欺,0.3748970627784729,-1,True,untranslatable
bear,león,mets,leão,rat,獣,0.37546032667160034,-1,True,untranslatable
covered,lleno,compris,cobertura,geschlossen,付き,0.3770105242729187,-1,True,untranslatable
dry,dura,frais,cair,cool,クリア,0.39044255018234253,-1,True,untranslatable
magic,secreto,secret,medicina,sage,魔法,0.39192473888397217,-1,True,untranslatable
apple,alma,appel,alma,angebot,iphone,0.39287126064300537,-1,True,untranslatable
oil,gas,gaz,olá,vater,海,0.3957056701183319,-1,True,untranslatable
copy,copa,édition,copa,kopf,書き,0.3969336152076721,-1,True,untranslatable
smith,señor,thomas,senhor,meister,スマ,0.39957714080810547,-1,True,untranslatable
cover,superficie,protéger,cobertura,hat,ケース,0.40044641494750977,-1,True,untranslatable
texas,méxico,tes,méxico,tatsache,タイ,0.4125496447086334,-1,True,untranslatable
cells,centros,celle,unidades,mitglieder,脳,0.421516090631485,-1,True,untranslatable
scott,quede,piste,corte,strecke,スター,0.43022409081459045,-1,True,untranslatable
fat,ropa,gros,olá,bald,重,0.4400410056114197,-1,True,untranslatable
william,villa,vin,vim,wm,王,0.44336795806884766,-1,True,untranslatable
